{
  "project_info": {
    "project_number": "195898261142",
    "project_id": "fir-new-8f4e4",
    "storage_bucket": "fir-new-8f4e4.appspot.com"
  },
  "client": [
    {
      "client_info": {
        "mobilesdk_app_id": "1:195898261142:android:cda51b57c5ff553e6bccb7",
        "android_client_info": {
          "package_name": "com.example.firebaseproject"
        }
      },
      "oauth_client": [],
      "api_key": [
        {
          "current_key": "AIzaSyDlUMN3yBYXDNXJ89T5rygUhcRPlU4EY7Y"
        }
      ],
      "services": {
        "appinvite_service": {
          "other_platform_oauth_client": []
        }
      }
    }
  ],
  "configuration_version": "1"
}